Base, Aspects, States, ;11404,5
Base, CodeFormatter, Aspects, States, ;14607,5
Base, Classes, Aspects, States, ;11459,5
Base, Interfaces, Aspects, States, ;11405,5
Base, Aspects, States, ClassMethods, ;11372
Base, Aspects, States, ClassConstructors, ;11348,5
Base, Aspects, States, InterfaceMethods, ;11479
Base, Aspects, States, AspectMethods, ;11427,5
Base, Aspects, States, AspectConstructors, ;11396
Base, Aspects, States, ClassFields, ;11815
Base, Aspects, States, InterfaceFields, ;11801,5
Base, Aspects, States, AspectFields, ;11547
Base, Aspects, States, Advice, ;11520,5
Base, Aspects, States, Pointcuts, ;11882,5
Base, Aspects, States, InterTypeMethods, ;11470,5
Base, Aspects, States, InterTypeConstructors, ;11507
Base, Aspects, States, InterTypeFields, ;11557
Base, Aspects, States, InterTypeDeclare, ;11631,5
Base, CodeFormatter, Aspects, States, ;14620
Base, Classes, Aspects, States, ;11460,5
Base, Interfaces, Aspects, States, ;11568
Base, Aspects, States, ;12056,5
Base, Aspects, States, ClassMethods, ;11598,5
Base, Aspects, States, ClassConstructors, ;11420
Base, Aspects, States, InterfaceMethods, ;11345,5
Base, Aspects, States, AspectMethods, ;11452
Base, Aspects, States, AspectConstructors, ;11505
Base, Aspects, States, ClassFields, ;11591,5
Base, Aspects, States, InterfaceFields, ;11479
Base, Aspects, States, AspectFields, ;11578
Base, Aspects, States, Advice, ;12144,5
Base, Aspects, States, Pointcuts, ;11664,5
Base, Aspects, States, InterTypeMethods, ;11557,5
Base, Aspects, States, InterTypeConstructors, ;11440
Base, Aspects, States, InterTypeFields, ;11749,5
Base, Aspects, States, InterTypeDeclare, ;11490
Base, CodeFormatter, Classes, Aspects, States, ;14589,5
Base, CodeFormatter, Interfaces, Aspects, States, ;14873
Base, CodeFormatter, Aspects, States, ClassMethods, ;14702,5
Base, CodeFormatter, Aspects, States, ClassConstructors, ;14565,5
Base, CodeFormatter, Aspects, States, InterfaceMethods, ;14661,5
Base, CodeFormatter, Aspects, States, AspectMethods, ;14813,5
Base, CodeFormatter, Aspects, States, AspectConstructors, ;14713,5
Base, CodeFormatter, Aspects, States, ClassFields, ;14959,5
Base, CodeFormatter, Aspects, States, InterfaceFields, ;15247
Base, CodeFormatter, Aspects, States, AspectFields, ;14586,5
Base, CodeFormatter, Aspects, States, Advice, ;14711,5
Base, CodeFormatter, Aspects, States, Pointcuts, ;15166
Base, CodeFormatter, Aspects, States, InterTypeMethods, ;14751,5
Base, CodeFormatter, Aspects, States, InterTypeConstructors, ;14785
Base, CodeFormatter, Aspects, States, InterTypeFields, ;14677
Base, CodeFormatter, Aspects, States, InterTypeDeclare, ;14942
Base, Classes, Interfaces, Aspects, States, ;11424,5
Base, Classes, Aspects, States, ClassMethods, ;11516
Base, Classes, Aspects, States, ClassConstructors, ;11653,5
Base, Classes, Aspects, States, InterfaceMethods, ;11525,5
Base, Classes, Aspects, States, AspectMethods, ;11821,5
Base, Classes, Aspects, States, AspectConstructors, ;11523
Base, Classes, Aspects, States, ClassFields, ;11761
Base, Classes, Aspects, States, InterfaceFields, ;11789,5
Base, Classes, Aspects, States, AspectFields, ;11717,5
Base, Classes, Aspects, States, Advice, ;11761,5
Base, Classes, Aspects, States, Pointcuts, ;11699,5
Base, Classes, Aspects, States, InterTypeMethods, ;11633,5
Base, Classes, Aspects, States, InterTypeConstructors, ;11587
Base, Classes, Aspects, States, InterTypeFields, ;11669
Base, Classes, Aspects, States, InterTypeDeclare, ;11491
Base, Interfaces, Aspects, States, ClassMethods, ;11617,5
Base, Interfaces, Aspects, States, ClassConstructors, ;11910
Base, Interfaces, Aspects, States, InterfaceMethods, ;11817
Base, Interfaces, Aspects, States, AspectMethods, ;11792
Base, Interfaces, Aspects, States, AspectConstructors, ;11845
Base, Interfaces, Aspects, States, ClassFields, ;11447
Base, Interfaces, Aspects, States, InterfaceFields, ;11501
Base, Interfaces, Aspects, States, AspectFields, ;11734,5
Base, Interfaces, Aspects, States, Advice, ;11638,5
Base, Interfaces, Aspects, States, Pointcuts, ;12029,5
Base, Interfaces, Aspects, States, InterTypeMethods, ;11968,5
Base, Interfaces, Aspects, States, InterTypeConstructors, ;11801
Base, Interfaces, Aspects, States, InterTypeFields, ;11862
Base, Interfaces, Aspects, States, InterTypeDeclare, ;11558,5
Base, Aspects, States, ClassMethods, ClassConstructors, ;11897
Base, Aspects, States, ClassMethods, InterfaceMethods, ;11713,5
Base, Aspects, States, ClassMethods, AspectMethods, ;11774,5
Base, Aspects, States, ClassMethods, AspectConstructors, ;12374,5
Base, Aspects, States, ClassMethods, ClassFields, ;11744
Base, Aspects, States, ClassMethods, InterfaceFields, ;11658,5
Base, Aspects, States, ClassMethods, AspectFields, ;11675
Base, Aspects, States, ClassMethods, Advice, ;11708,5
Base, Aspects, States, ClassMethods, Pointcuts, ;12181,5
Base, Aspects, States, ClassMethods, InterTypeMethods, ;11804,5
Base, Aspects, States, ClassMethods, InterTypeConstructors, ;11561,5
Base, Aspects, States, ClassMethods, InterTypeFields, ;11501,5
Base, Aspects, States, ClassMethods, InterTypeDeclare, ;11607,5
Base, Aspects, States, ClassConstructors, InterfaceMethods, ;11590,5
Base, Aspects, States, ClassConstructors, AspectMethods, ;11624,5
Base, Aspects, States, ClassConstructors, AspectConstructors, ;11659
Base, Aspects, States, ClassConstructors, ClassFields, ;11639,5
Base, Aspects, States, ClassConstructors, InterfaceFields, ;11674
Base, Aspects, States, ClassConstructors, AspectFields, ;11812,5
Base, Aspects, States, ClassConstructors, Advice, ;11883,5
Base, Aspects, States, ClassConstructors, Pointcuts, ;11936,5
Base, Aspects, States, ClassConstructors, InterTypeMethods, ;12356,5
Base, Aspects, States, ClassConstructors, InterTypeConstructors, ;11644,5
Base, Aspects, States, ClassConstructors, InterTypeFields, ;11789,5
Base, Aspects, States, ClassConstructors, InterTypeDeclare, ;12094
Base, Aspects, States, InterfaceMethods, AspectMethods, ;11810
Base, Aspects, States, InterfaceMethods, AspectConstructors, ;11525,5
Base, Aspects, States, InterfaceMethods, ClassFields, ;11878
Base, Aspects, States, InterfaceMethods, InterfaceFields, ;11660
Base, Aspects, States, InterfaceMethods, AspectFields, ;11958,5
Base, Aspects, States, InterfaceMethods, Advice, ;11905,5
Base, Aspects, States, InterfaceMethods, Pointcuts, ;11505,5
Base, Aspects, States, InterfaceMethods, InterTypeMethods, ;11831,5
Base, Aspects, States, InterfaceMethods, InterTypeConstructors, ;11845
Base, Aspects, States, InterfaceMethods, InterTypeFields, ;11730
Base, Aspects, States, InterfaceMethods, InterTypeDeclare, ;11802
Base, Aspects, States, AspectMethods, AspectConstructors, ;11634
Base, Aspects, States, AspectMethods, ClassFields, ;11353
Base, Aspects, States, AspectMethods, InterfaceFields, ;11361,5
Base, Aspects, States, AspectMethods, AspectFields, ;11431
Base, Aspects, States, AspectMethods, Advice, ;11228
Base, Aspects, States, AspectMethods, Pointcuts, ;11275
Base, Aspects, States, AspectMethods, InterTypeMethods, ;11353
Base, Aspects, States, AspectMethods, InterTypeConstructors, ;11275,5
Base, Aspects, States, AspectMethods, InterTypeFields, ;11353,5
Base, Aspects, States, AspectMethods, InterTypeDeclare, ;11275,5
Base, Aspects, States, AspectConstructors, ClassFields, ;11361
Base, Aspects, States, AspectConstructors, InterfaceFields, ;11766,5
Base, Aspects, States, AspectConstructors, AspectFields, ;11423,5
Base, Aspects, States, AspectConstructors, Advice, ;11564
Base, Aspects, States, AspectConstructors, Pointcuts, ;11400
Base, Aspects, States, AspectConstructors, InterTypeMethods, ;11298,5
Base, Aspects, States, AspectConstructors, InterTypeConstructors, ;11501,5
Base, Aspects, States, AspectConstructors, InterTypeFields, ;11329,5
Base, Aspects, States, AspectConstructors, InterTypeDeclare, ;11361
Base, Aspects, States, ClassFields, InterfaceFields, ;11345
Base, Aspects, States, ClassFields, AspectFields, ;11447
Base, Aspects, States, ClassFields, Advice, ;11431,5
Base, Aspects, States, ClassFields, Pointcuts, ;11291
Base, Aspects, States, ClassFields, InterTypeMethods, ;11369
Base, Aspects, States, ClassFields, InterTypeConstructors, ;11478
Base, Aspects, States, ClassFields, InterTypeFields, ;11454,5
Base, Aspects, States, ClassFields, InterTypeDeclare, ;11618,5
Base, Aspects, States, InterfaceFields, AspectFields, ;11455
Base, Aspects, States, InterfaceFields, Advice, ;11556
Base, Aspects, States, InterfaceFields, Pointcuts, ;11704
Base, Aspects, States, InterfaceFields, InterTypeMethods, ;11634
Base, Aspects, States, InterfaceFields, InterTypeConstructors, ;11493,5
Base, Aspects, States, InterfaceFields, InterTypeFields, ;11525
Base, Aspects, States, InterfaceFields, InterTypeDeclare, ;11806
Base, Aspects, States, AspectFields, Advice, ;11283
Base, Aspects, States, AspectFields, Pointcuts, ;11431
Base, Aspects, States, AspectFields, InterTypeMethods, ;11299
Base, Aspects, States, AspectFields, InterTypeConstructors, ;11376,5
Base, Aspects, States, AspectFields, InterTypeFields, ;11392,5
Base, Aspects, States, AspectFields, InterTypeDeclare, ;11423,5
Base, Aspects, States, Advice, Pointcuts, ;11431
Base, Aspects, States, Advice, InterTypeMethods, ;11439
Base, Aspects, States, Advice, InterTypeConstructors, ;11462,5
Base, Aspects, States, Advice, InterTypeFields, ;11532,5
Base, Aspects, States, Advice, InterTypeDeclare, ;11275
Base, Aspects, States, Pointcuts, InterTypeMethods, ;11345,5
Base, Aspects, States, Pointcuts, InterTypeConstructors, ;11517
Base, Aspects, States, Pointcuts, InterTypeFields, ;11439
Base, Aspects, States, Pointcuts, InterTypeDeclare, ;11329,5
Base, Aspects, States, InterTypeMethods, InterTypeConstructors, ;11579
Base, Aspects, States, InterTypeMethods, InterTypeFields, ;11290,5
Base, Aspects, States, InterTypeMethods, InterTypeDeclare, ;11829
Base, Aspects, States, InterTypeConstructors, InterTypeFields, ;11291
Base, Aspects, States, InterTypeConstructors, InterTypeDeclare, ;11345,5
Base, Aspects, States, InterTypeFields, InterTypeDeclare, ;11548
